use airport;

-- address

insert into address (city, street, house_number) values ('Bokor', '5 Washington Road', 394);
insert into address (city, street, house_number) values ('Dongxin', '39771 Fisk Alley', 229);
insert into address (city, street, house_number) values ('Guogan', '3 Thierer Terrace', 346);
insert into address (city, street, house_number) values ('Kaset Sombun', '11242 Bobwhite Crossing', 265);
insert into address (city, street, house_number) values ('Pakemitan Dua', '66 Blackbird Court', 216);
insert into address (city, street, house_number) values ('Biito', '64857 Mifflin Avenue', 80);
insert into address (city, street, house_number) values ('Ryōtsu-minato', '1 Delladonna Drive', 169);
insert into address (city, street, house_number) values ('Newport News', '362 Amoth Drive', 425);
insert into address (city, street, house_number) values ('Nacka', '69518 Algoma Terrace', 468);
insert into address (city, street, house_number) values ('Ōtsuchi', '8755 Hallows Street', 123);
insert into address (city, street, house_number) values ('Cibungur', '8741 Lillian Avenue', 392);
insert into address (city, street, house_number) values ('Serang', '943 Delladonna Place', 74);
insert into address (city, street, house_number) values ('Cruz Alta', '9 Burning Wood Court', 200);
insert into address (city, street, house_number) values ('Gaohong', '648 Thackeray Place', 470);
insert into address (city, street, house_number) values ('Ehu', '1 Bobwhite Way', 304);
insert into address (city, street, house_number) values ('Medaya', '761 Thompson Lane', 355);
insert into address (city, street, house_number) values ('Guri-si', '2 Loomis Way', 203);
insert into address (city, street, house_number) values ('Linjiang', '441 Westend Plaza', 362);
insert into address (city, street, house_number) values ('Clanwilliam', '654 Prairieview Plaza', 230);
insert into address (city, street, house_number) values ('Paris 16', '7 Anthes Plaza', 95);
insert into address (city, street, house_number) values ('Kugri', '54366 7th Plaza', 94);
insert into address (city, street, house_number) values ('Dzhiginka', '0341 Chinook Junction', 173);
insert into address (city, street, house_number) values ('Chemnitz', '5944 Express Alley', 463);
insert into address (city, street, house_number) values ('Lachute', '6 Sherman Junction', 224);
insert into address (city, street, house_number) values ('Ciwidara', '81 Lakewood Circle', 448);
insert into address (city, street, house_number) values ('Santo Domingo', '906 New Castle Road', 30);
insert into address (city, street, house_number) values ('Néa Sánta', '23 Sutteridge Avenue', 232);
insert into address (city, street, house_number) values ('Hòa Bình', '0 Warbler Park', 366);
insert into address (city, street, house_number) values ('Porto-Novo', '6325 High Crossing Drive', 464);
insert into address (city, street, house_number) values ('Vincennes', '2463 8th Point', 39);
insert into address (city, street, house_number) values ('Sufang', '276 Stuart Lane', 144);
insert into address (city, street, house_number) values ('Kaduy', '67 Scofield Hill', 134);
insert into address (city, street, house_number) values ('Binucayan', '63248 Lawn Terrace', 322);
insert into address (city, street, house_number) values ('Puqian', '11452 Harbort Junction', 79);
insert into address (city, street, house_number) values ('Prado', '45 Golf Way', 368);
insert into address (city, street, house_number) values ('Krutinka', '55 Morrow Court', 418);
insert into address (city, street, house_number) values ('Losino-Petrovskiy', '38005 Dawn Pass', 361);
insert into address (city, street, house_number) values ('Dabao', '39084 Forest Park', 458);
insert into address (city, street, house_number) values ('Kraskino', '203 Bobwhite Street', 364);
insert into address (city, street, house_number) values ('Chunmuying', '68 Mandrake Crossing', 453);
insert into address (city, street, house_number) values ('Sidomulyo', '277 Shoshone Lane', 236);
insert into address (city, street, house_number) values ('Arauca', '50139 Golf Course Parkway', 484);
insert into address (city, street, house_number) values ('Pemex', '34 Kedzie Junction', 440);
insert into address (city, street, house_number) values ('Yuecheng', '167 Del Mar Court', 165);
insert into address (city, street, house_number) values ('Muyuka', '2489 Mosinee Pass', 223);
insert into address (city, street, house_number) values ('Kanekomachi', '645 Arrowood Circle', 129);
insert into address (city, street, house_number) values ('Nunutba', '630 Dapin Center', 92);
insert into address (city, street, house_number) values ('Dar Chabanne', '6877 Hallows Trail', 264);
insert into address (city, street, house_number) values ('Zhongchuan', '8 Merchant Circle', 404);
insert into address (city, street, house_number) values ('Tumxuk', '4 Longview Road', 315);
insert into address (city, street, house_number) values ('Sayama', '70688 Fuller Trail', 175);
insert into address (city, street, house_number) values ('Salinas', '64497 Marquette Hill', 404);
insert into address (city, street, house_number) values ('Kaiaf', '9256 Glacier Hill Terrace', 400);
insert into address (city, street, house_number) values ('Brongkah', '86 Corry Court', 92);
insert into address (city, street, house_number) values ('Mazār-e Sharīf', '1 Mayfield Court', 416);
insert into address (city, street, house_number) values ('Ji’ergele Teguoleng', '09 Manley Terrace', 285);
insert into address (city, street, house_number) values ('Tulay', '79745 Badeau Junction', 424);
insert into address (city, street, house_number) values ('Saint-Ouen', '51988 Lakewood Circle', 347);
insert into address (city, street, house_number) values ('Stockholm', '64 Lukken Road', 335);
insert into address (city, street, house_number) values ('Troitsk', '5625 West Terrace', 208);

-- airline
insert into airline (airline_name, phone_number, email) values ('Braun and Sons', '914-144-5041', 'hblaszczak0@ftc.gov');
insert into airline (airline_name, phone_number, email) values ('Doyle and Sons', '763-615-1940', 'icrassweller1@engadget.com');
insert into airline (airline_name, phone_number, email) values ('Miller-Konopelski', '804-312-3439', 'tfocke2@miibeian.gov.cn');
insert into airline (airline_name, phone_number, email) values ('D''Amore-Ondricka', '605-423-4237', 'hhirche3@reddit.com');
insert into airline (airline_name, phone_number, email) values ('Cole, Boyer and Dickinson', '249-532-8895', 'peisig4@usda.gov');
insert into airline (airline_name, phone_number, email) values ('Stehr-Runolfsdottir', '207-483-4676', 'astoller5@sciencedaily.com');
insert into airline (airline_name, phone_number, email) values ('Nitzsche, Bechtelar and Franecki', '976-709-2699', 'afish6@scientificamerican.com');
insert into airline (airline_name, phone_number, email) values ('Cronin, Mraz and Ebert', '614-942-5075', 'bgainsburgh7@facebook.com');
insert into airline (airline_name, phone_number, email) values ('Armstrong and Sons', '470-965-6634', 'gmongain8@vk.com');
insert into airline (airline_name, phone_number, email) values ('Waters, Green and Will', '301-888-3261', 'pmaurice9@techcrunch.com');
insert into airline (airline_name, phone_number, email) values ('Johnston-Reichel', '957-568-6057', 'hscotneya@businessinsider.com');
insert into airline (airline_name, phone_number, email) values ('O''Kon-Kub', '485-369-1452', 'srehmb@time.com');
insert into airline (airline_name, phone_number, email) values ('Casper Group', '650-153-3321', 'lmcgennc@tinypic.com');
insert into airline (airline_name, phone_number, email) values ('Block-Lockman', '527-967-9065', 'dsaulterd@livejournal.com');
insert into airline (airline_name, phone_number, email) values ('Orn and Sons', '714-718-8822', 'ftimse@hc360.com');
insert into airline (airline_name, phone_number, email) values ('Bruen, Mueller and Schimmel', '544-448-0125', 'bsongestf@addtoany.com');
insert into airline (airline_name, phone_number, email) values ('Corwin-Schneider', '938-780-2126', 'vioannidisg@studiopress.com');
insert into airline (airline_name, phone_number, email) values ('Green-Stanton', '231-184-7249', 'espurdensh@oracle.com');
insert into airline (airline_name, phone_number, email) values ('Nitzsche-Russel', '562-725-9467', 'hodunneeni@list-manage.com');
insert into airline (airline_name, phone_number, email) values ('Vandervort, Padberg and Hauck', '858-422-4928', 'gwinspearj@google.pl');

-- airplane
insert into airplane (model, seats_number, range_of_flight) values ('Boeing 747', 366, 9800);
insert into airplane (model, seats_number, range_of_flight) values ('Airbus A380', 525, 15200);
insert into airplane (model, seats_number, range_of_flight) values ('Boeing 747-8i', 410, 14310);
insert into airplane (model, seats_number, range_of_flight) values ('Boeing 747-8F', 410, 8288);
insert into airplane (model, seats_number, range_of_flight) values ('An-225 Mriya', 475, 15400);
insert into airplane (model, seats_number, range_of_flight) values ('Airbus A320', 186, 6100);
insert into airplane (model, seats_number, range_of_flight) values ('Airbus A321', 236, 5950);
insert into airplane (model, seats_number, range_of_flight) values ('Boeing 757', 239 , 7275);
insert into airplane (model, seats_number, range_of_flight) values ('Boeing 767', 255, 9400);
insert into airplane (model, seats_number, range_of_flight) values ('Boeing 777', 400, 9695);

-- pilot
insert into pilot (first_name, last_name, phone_number, email, work_experience) values ('Josias', 'Whybrow', '179-167-2972', 'jwhybrow0@technorati.com', 25);
insert into pilot (first_name, last_name, phone_number, email, work_experience) values ('Cosetta', 'Horder', '393-886-2324', 'chorder1@msn.com', 27);
insert into pilot (first_name, last_name, phone_number, email, work_experience) values ('Carroll', 'Fidian', '187-752-1937', 'cfidian2@unc.edu', 16);
insert into pilot (first_name, last_name, phone_number, email, work_experience) values ('Mellisent', 'Bonnor', '348-233-7961', 'mbonnor3@berkeley.edu', 7);
insert into pilot (first_name, last_name, phone_number, email, work_experience) values ('Ursula', 'Adshede', '748-901-5179', 'uadshede4@hatena.ne.jp', 9);
insert into pilot (first_name, last_name, phone_number, email, work_experience) values ('Allianora', 'Baldick', '499-671-9168', 'abaldick5@myspace.com', 11);
insert into pilot (first_name, last_name, phone_number, email, work_experience) values ('Hortense', 'Hansmann', '819-393-3031', 'hhansmann6@privacy.gov.au', 30);
insert into pilot (first_name, last_name, phone_number, email, work_experience) values ('Sherlocke', 'Empson', '986-498-9730', 'sempson7@mozilla.org', 23);
insert into pilot (first_name, last_name, phone_number, email, work_experience) values ('Caesar', 'Lascell', '823-660-9456', 'clascell8@bigcartel.com', 13);
insert into pilot (first_name, last_name, phone_number, email, work_experience) values ('Janie', 'Le Fleming', '444-645-2555', 'jlefleming9@tinyurl.com', 1);
insert into pilot (first_name, last_name, phone_number, email, work_experience) values ('Elisabeth', 'Guinan', '676-921-0339', 'eguinana@answers.com', 18);
insert into pilot (first_name, last_name, phone_number, email, work_experience) values ('Cissy', 'Duncklee', '953-835-8600', 'cdunckleeb@ocn.ne.jp', 30);
insert into pilot (first_name, last_name, phone_number, email, work_experience) values ('Miltie', 'Wattisham', '204-194-6954', 'mwattishamc@ebay.co.uk', 6);
insert into pilot (first_name, last_name, phone_number, email, work_experience) values ('Caro', 'McLaughlan', '570-214-7132', 'cmclaughland@tumblr.com', 15);
insert into pilot (first_name, last_name, phone_number, email, work_experience) values ('Stewart', 'Quogan', '329-378-6199', 'squogane@arizona.edu', 18);
insert into pilot (first_name, last_name, phone_number, email, work_experience) values ('Rozella', 'Spataro', '491-441-8621', 'rspatarof@usa.gov', 12);
insert into pilot (first_name, last_name, phone_number, email, work_experience) values ('Saunder', 'Wholesworth', '517-936-0983', 'swholesworthg@cam.ac.uk', 25);
insert into pilot (first_name, last_name, phone_number, email, work_experience) values ('Maureen', 'Rain', '176-442-5538', 'mrainh@wunderground.com', 8);
insert into pilot (first_name, last_name, phone_number, email, work_experience) values ('Letti', 'Jouhandeau', '755-866-3201', 'ljouhandeaui@google.nl', 2);
insert into pilot (first_name, last_name, phone_number, email, work_experience) values ('Gabbie', 'Merali', '473-220-2432', 'gmeralij@uiuc.edu', 4);

-- flight

insert into flight (airline_id, airplane_id, pilot_id, departure_date, arrival_date, arrival_airport_address_id) values (7, 8, 15, '2022-07-10 17:52:16', '2022-08-10 01:07:48', 10);
insert into flight (airline_id, airplane_id, pilot_id, departure_date, arrival_date, arrival_airport_address_id) values (10, 4, 14, '2022-01-29 22:41:19', '2022-01-30 12:16:35', 16);
insert into flight (airline_id, airplane_id, pilot_id, departure_date, arrival_date, arrival_airport_address_id) values (13, 1, 17, '2022-03-31 09:00:25', '2022-03-31 19:58:32', 45);
insert into flight (airline_id, airplane_id, pilot_id, departure_date, arrival_date, arrival_airport_address_id) values (15, 5, 18, '2022-06-16 10:37:00', '2022-06-17 07:26:12', 45);
insert into flight (airline_id, airplane_id, pilot_id, departure_date, arrival_date, arrival_airport_address_id) values (14, 4, 6, '2022-08-17 08:24:34', '2022-08-18 07:11:42', 50);
insert into flight (airline_id, airplane_id, pilot_id, departure_date, arrival_date, arrival_airport_address_id) values (2, 2, 14, '2022-06-18 00:35:13', '2022-06-18 22:36:32', 57);
insert into flight (airline_id, airplane_id, pilot_id, departure_date, arrival_date, arrival_airport_address_id) values (2, 5, 8, '2022-01-09 02:20:12', '2022-01-10 01:44:47', 52);
insert into flight (airline_id, airplane_id, pilot_id, departure_date, arrival_date, arrival_airport_address_id) values (6, 10, 13, '2022-01-28 13:50:07', '2022-01-28 23:58:07', 31);
insert into flight (airline_id, airplane_id, pilot_id, departure_date, arrival_date, arrival_airport_address_id) values (8, 3, 5, '2022-03-31 04:32:26', '2022-03-31 22:23:43', 27);
insert into flight (airline_id, airplane_id, pilot_id, departure_date, arrival_date, arrival_airport_address_id) values (17, 5, 16, '2022-11-02 11:17:27', '2022-11-02 23:53:25', 4);
insert into flight (airline_id, airplane_id, pilot_id, departure_date, arrival_date, arrival_airport_address_id) values (3, 5, 14, '2022-10-10 15:11:37', '2022-10-11 15:34:29', 9);
insert into flight (airline_id, airplane_id, pilot_id, departure_date, arrival_date, arrival_airport_address_id) values (18, 3, 15, '2022-02-03 08:03:15', '2022-02-03 21:41:59', 26);
insert into flight (airline_id, airplane_id, pilot_id, departure_date, arrival_date, arrival_airport_address_id) values (8, 2, 16, '2022-06-11 12:10:00', '2022-06-11 22:08:16', 42);
insert into flight (airline_id, airplane_id, pilot_id, departure_date, arrival_date, arrival_airport_address_id) values (3, 4, 15, '2022-10-02 03:52:29', '2022-10-02 14:16:06', 40);
insert into flight (airline_id, airplane_id, pilot_id, departure_date, arrival_date, arrival_airport_address_id) values (6, 10, 17, '2022-02-02 10:30:32', '2022-02-03 05:15:30', 2);

-- passport data

insert into passport_data (passport_number, sex, nationality, date_of_birth, RNTRC, reg_address_id) values (5139117576, 1, 'Croatian', '2007-07-27', 21695808, 20);
insert into passport_data (passport_number, sex, nationality, date_of_birth, RNTRC, reg_address_id) values (8291787344, 1, 'Chinese', '1952-04-07', 673450512, 55);
insert into passport_data (passport_number, sex, nationality, date_of_birth, RNTRC, reg_address_id) values (1197064761, 1, 'Chinese', '2006-10-02', 62713940, 55);
insert into passport_data (passport_number, sex, nationality, date_of_birth, RNTRC, reg_address_id) values (1394886985, 1, 'Chinese', '1976-12-24', 80780326, 55);
insert into passport_data (passport_number, sex, nationality, date_of_birth, RNTRC, reg_address_id) values (1799140121, 1, 'Brazilian', '2018-09-05', 421266310, 7);
insert into passport_data (passport_number, sex, nationality, date_of_birth, RNTRC, reg_address_id) values (1194003842, 1, 'Vietnamese', '1958-02-27', 49999915, 3);
insert into passport_data (passport_number, sex, nationality, date_of_birth, RNTRC, reg_address_id) values (6884801751, 2, 'Mexican', '2002-03-11', 55910467, 1);
insert into passport_data (passport_number, sex, nationality, date_of_birth, RNTRC, reg_address_id) values (9504400701, 2, 'Indonesian', '1953-06-29', 548681616, 21);
insert into passport_data (passport_number, sex, nationality, date_of_birth, RNTRC, reg_address_id) values (6788776474, 2, 'Mexican', '2004-05-18', 59970175, 23);
insert into passport_data (passport_number, sex, nationality, date_of_birth, RNTRC, reg_address_id) values (9030467991, 2, 'Portuguese', '1999-09-03', 37808539, 29);
insert into passport_data (passport_number, sex, nationality, date_of_birth, RNTRC, reg_address_id) values (8481635405, 1, 'Ukrainian', '1974-09-13', 49371030, 31);
insert into passport_data (passport_number, sex, nationality, date_of_birth, RNTRC, reg_address_id) values (7297307920, 1, 'French', '2013-11-18', 369873322, 21);
insert into passport_data (passport_number, sex, nationality, date_of_birth, RNTRC, reg_address_id) values (9278223107, 1, 'Italian', '1995-01-03', 97813210, 13);
insert into passport_data (passport_number, sex, nationality, date_of_birth, RNTRC, reg_address_id) values (1439108684, 2, 'Indonesian', '2013-09-15', 504360284, 23);
insert into passport_data (passport_number, sex, nationality, date_of_birth, RNTRC, reg_address_id) values (2564015018, 2, 'Greek', '1992-12-21', 75981609, 27);

-- passenger

insert into passenger (passport_number, first_name, last_name, phone_number, email) values (1194003842, 'Claybourne', 'Kerrane', '583-332-8045', 'ckerrane0@geocities.jp');
insert into passenger (passport_number, first_name, last_name, phone_number, email) values (1197064761, 'Falito', 'Dosdell', '278-475-2023', 'fdosdell1@symantec.com');
insert into passenger (passport_number, first_name, last_name, phone_number, email) values (1394886985, 'Theo', 'Butterfint', '859-359-0848', 'tbutterfint2@eepurl.com');
insert into passenger (passport_number, first_name, last_name, phone_number, email) values (1439108684, 'Moyna', 'Gainsborough', '431-879-5077', 'mgainsborough3@godaddy.com');
insert into passenger (passport_number, first_name, last_name, phone_number, email) values (1799140121, 'Port', 'Bleby', '915-925-4211', 'pbleby4@dropbox.com');
insert into passenger (passport_number, first_name, last_name, phone_number, email) values (2564015018, 'Orelee', 'Hartas', '351-962-3596', 'ohartas5@si.edu');
insert into passenger (passport_number, first_name, last_name, phone_number, email) values (5139117576, 'Lotty', 'Dunderdale', '499-568-7172', 'ldunderdale6@imdb.com');
insert into passenger (passport_number, first_name, last_name, phone_number, email) values (6788776474, 'Shepperd', 'Dominec', '886-765-9344', 'sdominec7@google.pl');
insert into passenger (passport_number, first_name, last_name, phone_number, email) values (6884801751, 'Aida', 'Shiril', '701-735-7180', 'ashiril8@reuters.com');
insert into passenger (passport_number, first_name, last_name, phone_number, email) values (7297307920, 'Gerda', 'Mynett', '503-505-5039', 'gmynett9@mozilla.com');
insert into passenger (passport_number, first_name, last_name, phone_number, email) values (8291787344, 'Orion', 'Yule', '613-323-4420', 'oyulea@github.io');
insert into passenger (passport_number, first_name, last_name, phone_number, email) values (8481635405, 'Ashley', 'Jakubiak', '256-797-1580', 'ajakubiakb@house.gov');
insert into passenger (passport_number, first_name, last_name, phone_number, email) values (9030467991, 'Horst', 'Gerold', '808-354-9693', 'hgeroldc@jalbum.net');
insert into passenger (passport_number, first_name, last_name, phone_number, email) values (9278223107, 'Lanni', 'Jina', '602-768-5403', 'ljinad@fema.gov');
insert into passenger (passport_number, first_name, last_name, phone_number, email) values (9504400701, 'Irwinn', 'Rudland', '320-442-8690', 'irudlande@last.fm');

-- flight class

insert into flight_class (class_id, class_name, baggage_weight, seat_type, free_wi_fi, available_meals) values (1, 'First Class', 64, 'seat-beds', true, 'all-inclusive');
insert into flight_class (class_id, class_name, baggage_weight, seat_type, free_wi_fi, available_meals) values (2, 'Business Class', 32, 'comfortable seats', true, 'breakfast+dinner menu' );
insert into flight_class (class_id, class_name, baggage_weight, seat_type, free_wi_fi, available_meals) values (3, 'Economy Class', 23,'basic seats', false, 'dinner menu');

-- ticket type

insert into ticket_type (type_id, type_name, age_restriction, percent_of_sale) values(1, 'adult', NULL, NULL);
insert into ticket_type (type_id, type_name, age_restriction, percent_of_sale) values(2, 'child', 12, 50);
insert into ticket_type (type_id, type_name, age_restriction, percent_of_sale) values(3, 'infant', 2, 100);

-- ticket

insert into ticket (flight_id, passenger_id, class_id, type_id, seat_number, price, purchase_date) values (9, 1, 3, 1, 213, 41011.11, '2021-09-25');
insert into ticket (flight_id, passenger_id, class_id, type_id, seat_number, price, purchase_date) values (11, 5, 3, 2, 1, 39735.33, '2021-10-04');
insert into ticket (flight_id, passenger_id, class_id, type_id, seat_number, price, purchase_date) values (8, 2, 2, 1, 12, 15414.56,'2021-09-12');
insert into ticket (flight_id, passenger_id, class_id, type_id, seat_number, price, purchase_date) values (9, 2, 2, 1, 43, 31106.0, '2021-05-24');
insert into ticket (flight_id, passenger_id, class_id, type_id, seat_number, price, purchase_date) values (1, 15, 1, 1, 76, 21735.77, '2021-11-26');
insert into ticket (flight_id, passenger_id, class_id, type_id, seat_number, price, purchase_date) values (11, 14, 2, 1, 2, 26332.3, '2021-02-17');
insert into ticket (flight_id, passenger_id, class_id, type_id, seat_number, price, purchase_date) values (11, 4, 2, 2, 3, 12334.43, '2021-08-09');
insert into ticket (flight_id, passenger_id, class_id, type_id, seat_number, price, purchase_date) values (5, 8, 3, 1, 289, 22745.12, '2021-11-30');
insert into ticket (flight_id, passenger_id, class_id, type_id, seat_number, price, purchase_date) values (8, 14, 2, 1, 1, 43904.3, '2021-12-25');
insert into ticket (flight_id, passenger_id, class_id, type_id, seat_number, price, purchase_date) values (13, 9, 3, 1, 11, 48706.28, '2021-06-27');
insert into ticket (flight_id, passenger_id, class_id, type_id, seat_number, price, purchase_date) values (6, 2, 2, 1, 20, 23216.18, '2021-09-27');
insert into ticket (flight_id, passenger_id, class_id, type_id, seat_number, price, purchase_date) values (3, 14, 1, 1,101, 23044.25,'2021-10-23');
insert into ticket (flight_id, passenger_id, class_id, type_id, seat_number, price, purchase_date) values (4, 1, 1, 1, 369, 46999.23, '2021-06-05');
insert into ticket (flight_id, passenger_id, class_id, type_id, seat_number, price, purchase_date) values (6, 3, 1, 1, 410, 19312.46,'2021-01-18' );
insert into ticket (flight_id, passenger_id, class_id, type_id, seat_number, price, purchase_date) values (4, 11, 1, 1, 341, 11116.68,'2021-05-23' );

